from,to,status
/about-us,/company,301
/about,/company,301
/home,/,301
/home-1,/,301
/home-2,/,301
/home-impact,/,301
/welcome,/,301
/board-of-directors-and-management,/company/leadership,301
/corporate-governance,/investors/governance,301
/corporate-governance-1,/investors/governance,301
/corporate-governance-2,/investors/governance,301
/project-portfolio,/projects,301
/nicholson-project,/projects/nicholson,301
/calgoa-project,/projects/calgoa,301
/tanumbirini-project,/projects/tanumbirini,301
/hawkwood-project,/projects/hawkwood,301
/victoria-river-downs,/projects/victoria-river-downs,301
/investor-centre,/investors,301
/investor-center,/investors,301
/presentations,/investors/presentations,301
/email-alerts,/investors/alerts,301
/auburnresources,/investors/alerts,301
/media-coverage,/news/media,301
/contact-us,/contact,301
/contact-us-1,/contact,301
/cart,/,301
